insert into user(id, first_name, last_name, email, password, role) value (1,"admin","admin", "admin@gmail.com", "$2a$08$lDnHPz7eUkSi6ao14Twuau08mzhWrL4kyZGGU5xfiGALO/Vxd5DOi", 'ROLE_ADMIN')
insert into user(id, first_name, last_name, email, password, role) value (2,"doctor1","doctor1", "doctor1@gmail.com", "$2a$08$lDnHPz7eUkSi6ao14Twuau08mzhWrL4kyZGGU5xfiGALO/Vxd5DOi", 'ROLE_DOCTOR')
insert into user(id, first_name, last_name, email, password, role) value (3,"doctor2","doctor2", "doctor2@gmail.com", "$2a$08$lDnHPz7eUkSi6ao14Twuau08mzhWrL4kyZGGU5xfiGALO/Vxd5DOi", 'ROLE_DOCTOR')

insert into disease(id, name, disease_group, deleted) value (1, "Prehlada", "FIRST", false)
insert into disease(id, name, disease_group, deleted) value (2, "Groznica", "FIRST", false)
insert into disease(id, name, disease_group, deleted) value (3, "Upala krajnika", "FIRST", false)
insert into disease(id, name, disease_group, deleted) value (4, "Sinusna infekcija", "FIRST", false)
insert into disease(id, name, disease_group, deleted) value (5, "Hipertenzija", "SECOND", false)
insert into disease(id, name, disease_group, deleted) value (6, "Dijabetes", "SECOND", false)
insert into disease(id, name, disease_group, deleted) value (7, "Hronicna bubrezna bolest", "THIRD", false)
insert into disease(id, name, disease_group, deleted) value (8, "Akutna bubrezna povreda", "THIRD", false)

insert into symptom(id, name, type, deleted) value (1, "Curenje iz nosa", "GENERAL", false)
insert into symptom(id, name, type, deleted) value (2, "Bol u grlu", "GENERAL", false)
insert into symptom(id, name, type, deleted) value (3, "Glavobolja", "GENERAL", false)
insert into symptom(id, name, type, deleted) value (4, "Kijanje", "GENERAL", false)
insert into symptom(id, name, type, deleted) value (5, "Kasalj", "GENERAL", false)
insert into symptom(id, name, type, deleted) value (6, "Temperatura veca od 38C", "GENERAL", false)
insert into symptom(id, name, type, deleted) value (7, "Drhtavica", "GENERAL", false)
insert into symptom(id, name, type, deleted) value (8, "Bol koji se siri do usiju", "GENERAL", false)
insert into symptom(id, name, type, deleted) value (9, "Temperatura od 40C do 41C", "GENERAL", false)
insert into symptom(id, name, type, deleted) value (10, "Gubitak apetita", "GENERAL", false)
insert into symptom(id, name, type, deleted) value (11, "Umor", "GENERAL", false)
insert into symptom(id, name, type, deleted) value (12, "Zuti sekret iz nosa", "GENERAL", false)
insert into symptom(id, name, type, deleted) value (13, "Oticanje oko ociju", "GENERAL", false)
insert into symptom(id, name, type, deleted) value (14, "Cesto uriniranje", "GENERAL", false)
insert into symptom(id, name, type, deleted) value (15, "Gubitak telesne tezine", "GENERAL", false)
insert into symptom(id, name, type, deleted) value (16, "Zamor", "GENERAL", false)
insert into symptom(id, name, type, deleted) value (17, "Mucnina i povracanje", "GENERAL", false)
insert into symptom(id, name, type, deleted) value (18, "Nocturia", "GENERAL", false)
insert into symptom(id, name, type, deleted) value (19, "Otoci nogu i zglobova", "GENERAL", false)
insert into symptom(id, name, type, deleted) value (20, "Gusenje", "GENERAL", false)
insert into symptom(id, name, type, deleted) value (21, "Bol u grudima", "GENERAL", false)
insert into symptom(id, name, type, deleted) value (22, "Dijareja", "GENERAL", false)
insert into symptom(id, name, type, deleted) value (23, "Visok pritisak", "GENERAL", false)

--Prehlada--
insert into disease_symptoms(disease_id, symptoms_id) value (1, 1)
insert into disease_symptoms(disease_id, symptoms_id) value (1, 2)
insert into disease_symptoms(disease_id, symptoms_id) value (1, 3)
insert into disease_symptoms(disease_id, symptoms_id) value (1, 4)
insert into disease_symptoms(disease_id, symptoms_id) value (1, 5)

--Groznica--
insert into disease_symptoms(disease_id, symptoms_id) value (2, 4)
insert into disease_symptoms(disease_id, symptoms_id) value (2, 2)
insert into disease_symptoms(disease_id, symptoms_id) value (2, 5)
insert into disease_symptoms(disease_id, symptoms_id) value (2, 6)
insert into disease_symptoms(disease_id, symptoms_id) value (2, 1)
insert into disease_symptoms(disease_id, symptoms_id) value (2, 3)
insert into disease_symptoms(disease_id, symptoms_id) value (2, 7)

--Upala krajnika--
insert into disease_symptoms(disease_id, symptoms_id) value (3, 2)
insert into disease_symptoms(disease_id, symptoms_id) value (3, 8)
insert into disease_symptoms(disease_id, symptoms_id) value (3, 3)
insert into disease_symptoms(disease_id, symptoms_id) value (3, 9)
insert into disease_symptoms(disease_id, symptoms_id) value (3, 7)
insert into disease_symptoms(disease_id, symptoms_id) value (3, 10)
insert into disease_symptoms(disease_id, symptoms_id) value (3, 11)
insert into disease_symptoms(disease_id, symptoms_id) value (3, 12)

--Sinusna infekcija--
insert into disease_symptoms(disease_id, symptoms_id) value (4, 13)
insert into disease_symptoms(disease_id, symptoms_id) value (4, 3)
insert into disease_symptoms(disease_id, symptoms_id) value (4, 12)
insert into disease_symptoms(disease_id, symptoms_id) value (4, 2)
insert into disease_symptoms(disease_id, symptoms_id) value (4, 6)
insert into disease_symptoms(disease_id, symptoms_id) value (4, 5)

--Dijabetes--
insert into disease_symptoms(disease_id, symptoms_id) value (6, 14)
insert into disease_symptoms(disease_id, symptoms_id) value (6, 15)
insert into disease_symptoms(disease_id, symptoms_id) value (6, 16)
insert into disease_symptoms(disease_id, symptoms_id) value (6, 17)

--Hronicna bubrezna bolest--
insert into disease_symptoms(disease_id, symptoms_id) value (7, 16)
insert into disease_symptoms(disease_id, symptoms_id) value (7, 18)
insert into disease_symptoms(disease_id, symptoms_id) value (7, 19)
insert into disease_symptoms(disease_id, symptoms_id) value (7, 20)
insert into disease_symptoms(disease_id, symptoms_id) value (7, 21)

--Akutna bubrezna povreda--
insert into disease_symptoms(disease_id, symptoms_id) value (8, 16)
insert into disease_symptoms(disease_id, symptoms_id) value (8, 20)
insert into disease_symptoms(disease_id, symptoms_id) value (8, 19)
insert into disease_symptoms(disease_id, symptoms_id) value (8, 22)

insert into component(id, name, deleted) value (1, "Komponenta 1", false)
insert into component(id, name, deleted) value (2, "Komponenta 2", false)
insert into component(id, name, deleted) value (3, "Komponenta 3", false)
insert into component(id, name, deleted) value (4, "Komponenta 4", false)
insert into component(id, name, deleted) value (5, "Komponenta 5", false)
insert into component(id, name, deleted) value (6, "Komponenta 6", false)
insert into component(id, name, deleted) value (7, "Komponenta 7", false)
insert into component(id, name, deleted) value (8, "Komponenta 8", false)

insert into medicine(id, name, type, deleted) value (1, "Lek 1", "ANTIBIOTIC", false)
insert into medicine(id, name, type, deleted) value (2, "Lek 2", "ANTIBIOTIC", false)
insert into medicine(id, name, type, deleted) value (3, "Lek 3", "ANALGETIC", false)
insert into medicine(id, name, type, deleted) value (4, "Lek 4", "ANALGETIC", false)
insert into medicine(id, name, type, deleted) value (5, "Lek 5", "OTHER", false)
insert into medicine(id, name, type, deleted) value (6, "Lek 6", "OTHER", false)

insert into medicine_components(medicine_id, components_id) value (1, 1)
insert into medicine_components(medicine_id, components_id) value (1, 2)
insert into medicine_components(medicine_id, components_id) value (1, 3)
insert into medicine_components(medicine_id, components_id) value (2, 4)
insert into medicine_components(medicine_id, components_id) value (2, 5)
insert into medicine_components(medicine_id, components_id) value (2, 6)
insert into medicine_components(medicine_id, components_id) value (3, 1)
insert into medicine_components(medicine_id, components_id) value (3, 3)
insert into medicine_components(medicine_id, components_id) value (3, 4)
insert into medicine_components(medicine_id, components_id) value (4, 5)
insert into medicine_components(medicine_id, components_id) value (4, 6)
insert into medicine_components(medicine_id, components_id) value (4, 7)
insert into medicine_components(medicine_id, components_id) value (5, 2)
insert into medicine_components(medicine_id, components_id) value (5, 5)
insert into medicine_components(medicine_id, components_id) value (5, 8)
insert into medicine_components(medicine_id, components_id) value (6, 1)
insert into medicine_components(medicine_id, components_id) value (6, 7)
insert into medicine_components(medicine_id, components_id) value (1, 8)

insert into patient(id, first_name, last_name) value (1, "pacijent", "prvi")
insert into patient(id, first_name, last_name) value (2, "pacijent", "drugi")